{
	"x": {
		"0": -0.4745220409,
		"1": 2.6693858473,
		"2": 4.8046194999,
		"3": -4.7662408501,
		"4": -6.9226942982,
		"5": -7.0996506148,
		"6": 2.9737757046,
		"7": 12.046001804,
		"8": 0.1672531384,
		"9": 14.1790245679,
		"10": -1.5896818362,
		"11": -1.5896818362,
		"12": -37.3762936862,
		"13": 2.8443989449,
		"14": -4.8479880054,
		"15": 0.0604977133,
		"16": -11.9426069504,
		"17": 35.3408372109,
		"18": 16.9488723483,
    "19": 0
	},
	"y": {
		"0": -0.3627137515,
		"1": 2.5127892567,
		"2": 0.1406224267,
		"3": -3.8005493006,
		"4": -2.8680461007,
		"5": 5.1567850708,
		"6": -4.0152722696,
		"7": -2.8638994544,
		"8": 6.4613453567,
		"9": 2.820031411,
		"10": 12.7705121812,
		"11": 12.7705121812,
		"12": 4.8807755815,
		"13": -10.1624770339,
		"14": 10.964727915,
		"15": 5.5129271765,
		"16": -3.1419112537,
		"17": 51.3142699468,
		"18": -45.6194382688,
    "19": 0
	},
	"z": {
		"0": 1.1560116709,
		"1": -1.1113706665,
		"2": 0.636755497,
		"3": 1.3533492932,
		"4": -1.3715638326,
		"5": 3.4857287556,
		"6": -8.1777743848,
		"7": 1.0927287099,
		"8": 11.2058422378,
		"9": 3.9478954336,
		"10": 28.3415936838,
		"11": 28.3415936838,
		"12": -5.0212555765,
		"13": -40.5674579551,
		"14": 40.6747933872,
		"15": 45.758158975,
		"16": -56.4562996672,
		"17": -20.5679769423,
		"18": -45.8495704661,
    "19": 0
	},
	"name": {
		"0": "Proxima Cen b",
		"1": "Teegarden's Star b",
		"2": "GJ 1002 b",
		"3": "HN Lib b",
		"4": "GJ 514 b",
		"5": "GJ 357 d",
		"6": "Wolf 1069 b",
		"7": "TRAPPIST-1 d",
		"8": "HD 40307 g",
		"9": "LHS 1140 b",
		"10": "TOI-700 e",
		"11": "TOI-700 d",
		"12": "K2-18 b",
		"13": "TOI-2095 c",
		"14": "TOI-715 b",
		"15": "TOI-904 c",
		"16": "TOI-2257 b",
		"17": "K2-288 B b",
		"18": "Kepler-138 e",
    "19": "Earth"
	}
}
